{"props":[{"type":"Prop","texture":"/world/natural/arvore.png","pos":{"x":1357,"y":32,"depth":1}},{"type":"Prop","texture":"/world/natural/moita.png","pos":{"x":1124,"y":11,"depth":1}},{"type":"Nuvem","texture":"/world/natural/nuvem.png","pos":{"x":0,"y":143,"depth":1}},{"type":"Prop","texture":"/world/natural/chao.png","pos":{"x":-2,"y":24,"depth":1}},{"type":"Fogueira","texture":"/world/props/bonfas.png","pos":{"x":1221,"y":32,"depth":1}},{"type":"Prop","texture":"/world/props/casa.png","pos":{"x":1497,"y":35,"depth":1}},{"type":"Prop","texture":"/world/props/carroca.png","pos":{"x":725,"y":35,"depth":1}},{"type":"Prop","texture":"/teste2.png","pos":{"x":309,"y":29,"depth":1}},{"type":"Portal","texture":"/portal/portal-atlas.png","pos":{"x":1789,"y":35,"depth":1}}]}